Time,Distance,Speed,Throttle,Brake,Steering,Gear,RPM,LatG,LongG,TyreTemp_FL,TyreTemp_FR,TyreTemp_RL,TyreTemp_RR,Press_FL,Press_FR,Press_RL,Press_RR
0.000,0,185,23,0,0.0,4,9330,0.00,0.28,86.0,85.5,87.0,86.8,27.10,27.17,26.95,27.04
3.289,174,208,51,0,2.1,5,9744,0.09,0.61,86.6,86.1,87.5,87.3,27.13,27.20,26.98,27.06
6.579,347,228,75,0,4.0,5,10104,0.17,0.90,87.2,86.6,87.8,87.7,27.16,27.23,26.99,27.09
9.868,521,243,92,0,5.7,6,10374,0.24,1.10,87.7,87.1,88.2,88.0,27.19,27.25,27.01,27.10
13.157,694,250,100,0,6.9,6,10500,0.30,1.20,88.1,87.5,88.5,88.4,27.21,27.27,27.03,27.12
16.446,868,248,97,0,7.7,6,10464,0.33,1.16,88.3,87.6,88.7,88.5,27.21,27.28,27.04,27.12
19.736,1042,238,85,0,8.0,5,10284,0.34,1.02,88.4,87.7,88.7,88.6,27.22,27.29,27.04,27.13
23.025,1215,220,65,0,7.7,5,9960,0.33,0.78,88.3,87.6,88.7,88.5,27.21,27.28,27.04,27.12
26.314,1389,199,39,0,6.9,5,9582,0.30,0.47,88.1,87.5,88.5,88.4,27.21,27.27,27.03,27.12
29.603,1562,175,11,0,5.7,4,9150,0.24,0.13,87.7,87.1,88.2,88.0,27.19,27.25,27.01,27.10
32.893,1736,153,0,28,-30.3,3,8560,-1.90,-0.70,99.3,97.8,96.5,96.7,27.77,27.79,27.43,27.54
36.182,1910,134,0,67,-17.5,2,8180,-1.10,-1.68,93.7,92.7,92.5,92.5,27.48,27.54,27.23,27.32
39.471,2083,123,0,91,-0.0,2,7960,-0.00,-2.27,86.0,85.5,87.0,86.8,27.10,27.17,26.95,27.04
42.760,2257,120,0,98,17.5,2,7900,1.10,-2.45,93.7,92.7,92.5,92.5,27.48,27.54,27.23,27.32
46.050,2430,126,0,86,30.3,2,8020,1.90,-2.15,99.3,97.8,96.5,96.7,27.77,27.79,27.43,27.54
49.339,2604,139,0,57,35.0,2,8280,2.20,-1.42,101.4,99.8,98.0,98.2,27.87,27.89,27.50,27.61
52.628,2778,159,0,15,30.3,3,8680,1.90,-0.38,99.3,97.8,96.5,96.7,27.77,27.79,27.43,27.54
55.917,2951,182,19,0,-7.7,4,9276,-0.33,0.23,88.3,87.6,88.7,88.5,27.21,27.28,27.04,27.12
59.207,3125,205,47,0,-8.0,5,9690,-0.34,0.56,88.4,87.7,88.7,88.6,27.22,27.29,27.04,27.13
62.496,3298,226,71,0,-7.7,5,10068,-0.33,0.85,88.3,87.6,88.7,88.5,27.21,27.28,27.04,27.12
65.785,3472,241,90,0,-6.9,6,10338,-0.30,1.08,88.1,87.5,88.5,88.4,27.21,27.27,27.03,27.12
69.075,3646,249,99,0,-5.7,6,10482,-0.24,1.19,87.7,87.1,88.2,88.0,27.19,27.25,27.01,27.10
72.364,3819,249,98,0,-4.0,6,10482,-0.17,1.18,87.2,86.6,87.8,87.7,27.16,27.23,26.99,27.09
75.653,3993,240,88,0,-2.1,6,10320,-0.09,1.06,86.6,86.1,87.5,87.3,27.13,27.20,26.98,27.06
78.942,4166,223,68,0,-0.0,5,10014,-0.00,0.82,86.0,85.5,87.0,86.8,27.10,27.17,26.95,27.04
82.232,4340,202,43,0,2.1,5,9636,0.09,0.52,86.6,86.1,87.5,87.3,27.13,27.20,26.98,27.06
85.521,4514,178,15,0,4.0,4,9204,0.17,0.18,87.2,86.6,87.8,87.7,27.16,27.23,26.99,27.09
88.810,4687,155,0,22,35.0,3,8600,2.20,-0.55,101.4,99.8,98.0,98.2,27.87,27.89,27.50,27.61
92.099,4861,137,0,62,30.3,2,8240,1.90,-1.55,99.3,97.8,96.5,96.7,27.77,27.79,27.43,27.54
95.389,5034,124,0,89,17.5,2,7980,1.10,-2.23,93.7,92.7,92.5,92.5,27.48,27.54,27.23,27.32
98.678,5208,120,0,98,0.0,2,7900,0.00,-2.45,86.0,85.5,87.0,86.8,27.10,27.17,26.95,27.04
101.967,5382,124,0,89,-17.5,2,7980,-1.10,-2.23,93.7,92.7,92.5,92.5,27.48,27.54,27.23,27.32
105.256,5555,137,0,62,-30.3,2,8240,-1.90,-1.55,99.3,97.8,96.5,96.7,27.77,27.79,27.43,27.54
108.546,5729,155,0,22,-35.0,3,8600,-2.20,-0.55,101.4,99.8,98.0,98.2,27.87,27.89,27.50,27.61
111.835,5902,178,15,0,4.0,4,9204,0.17,0.18,87.2,86.6,87.8,87.7,27.16,27.23,26.99,27.09
115.124,6076,202,43,0,2.1,5,9636,0.09,0.52,86.6,86.1,87.5,87.3,27.13,27.20,26.98,27.06
118.413,6250,223,68,0,0.0,5,10014,0.00,0.82,86.0,85.5,87.0,86.8,27.10,27.17,26.95,27.04
121.703,6423,240,88,0,-2.1,6,10320,-0.09,1.06,86.6,86.1,87.5,87.3,27.13,27.20,26.98,27.06
124.992,6597,249,98,0,-4.0,6,10482,-0.17,1.18,87.2,86.6,87.8,87.7,27.16,27.23,26.99,27.09
128.281,6770,249,99,0,-5.7,6,10482,-0.24,1.19,87.7,87.1,88.2,88.0,27.19,27.25,27.01,27.10
131.571,6944,241,90,0,-6.9,6,10338,-0.30,1.08,88.1,87.5,88.5,88.4,27.21,27.27,27.03,27.12
134.860,7118,226,71,0,-7.7,5,10068,-0.33,0.85,88.3,87.6,88.7,88.5,27.21,27.28,27.04,27.12
138.149,7291,205,47,0,-8.0,5,9690,-0.34,0.56,88.4,87.7,88.7,88.6,27.22,27.29,27.04,27.13
141.438,7465,182,19,0,-7.7,4,9276,-0.33,0.23,88.3,87.6,88.7,88.5,27.21,27.28,27.04,27.12
144.728,7638,159,0,15,-30.3,3,8680,-1.90,-0.38,99.3,97.8,96.5,96.7,27.77,27.79,27.43,27.54
148.017,7812,139,0,57,-35.0,2,8280,-2.20,-1.42,101.4,99.8,98.0,98.2,27.87,27.89,27.50,27.61
151.306,7986,126,0,86,-30.3,2,8020,-1.90,-2.15,99.3,97.8,96.5,96.7,27.77,27.79,27.43,27.54
154.595,8159,120,0,98,-17.5,2,7900,-1.10,-2.45,93.7,92.7,92.5,92.5,27.48,27.54,27.23,27.32
157.885,8333,123,0,91,-0.0,2,7960,-0.00,-2.27,86.0,85.5,87.0,86.8,27.10,27.17,26.95,27.04
161.174,8506,134,0,67,17.5,2,8180,1.10,-1.68,93.7,92.7,92.5,92.5,27.48,27.54,27.23,27.32
164.463,8680,152,0,28,30.3,3,8540,1.90,-0.70,99.3,97.8,96.5,96.7,27.77,27.79,27.43,27.54
167.752,8854,175,11,0,5.7,4,9150,0.24,0.13,87.7,87.1,88.2,88.0,27.19,27.25,27.01,27.10
171.042,9027,199,39,0,6.9,5,9582,0.30,0.47,88.1,87.5,88.5,88.4,27.21,27.27,27.03,27.12
174.331,9201,220,65,0,7.7,5,9960,0.33,0.78,88.3,87.6,88.7,88.5,27.21,27.28,27.04,27.12
177.620,9374,238,85,0,8.0,5,10284,0.34,1.02,88.4,87.7,88.7,88.6,27.22,27.29,27.04,27.13
180.909,9548,248,97,0,7.7,6,10464,0.33,1.16,88.3,87.6,88.7,88.5,27.21,27.28,27.04,27.12
184.199,9722,250,100,0,6.9,6,10500,0.30,1.20,88.1,87.5,88.5,88.4,27.21,27.27,27.03,27.12
187.488,9895,243,92,0,5.7,6,10374,0.24,1.10,87.7,87.1,88.2,88.0,27.19,27.25,27.01,27.10
190.777,10069,228,75,0,4.0,5,10104,0.17,0.90,87.2,86.6,87.8,87.7,27.16,27.23,26.99,27.09
194.067,10242,208,51,0,2.1,5,9744,0.09,0.61,86.6,86.1,87.5,87.3,27.13,27.20,26.98,27.06
197.356,10416,185,23,0,0.0,4,9330,0.00,0.28,86.0,85.5,87.0,86.8,27.10,27.17,26.95,27.04
200.645,10590,162,0,8,17.5,3,8740,1.10,-0.20,93.7,92.7,92.5,92.5,27.48,27.54,27.23,27.32
203.934,10763,142,0,52,30.3,3,8340,1.90,-1.30,99.3,97.8,96.5,96.7,27.77,27.79,27.43,27.54
207.224,10937,127,0,83,35.0,2,8040,2.20,-2.07,101.4,99.8,98.0,98.2,27.87,27.89,27.50,27.61
210.513,11110,120,0,97,30.3,2,7900,1.90,-2.42,99.3,97.8,96.5,96.7,27.77,27.79,27.43,27.54
213.802,11284,122,0,93,17.5,2,7940,1.10,-2.33,93.7,92.7,92.5,92.5,27.48,27.54,27.23,27.32
217.091,11458,132,0,71,0.0,2,8140,0.00,-1.77,86.0,85.5,87.0,86.8,27.10,27.17,26.95,27.04
220.381,11631,150,0,34,-17.5,3,8500,-1.10,-0.85,93.7,92.7,92.5,92.5,27.48,27.54,27.23,27.32
223.670,11805,171,7,0,-6.9,4,9078,-0.30,0.08,88.1,87.5,88.5,88.4,27.21,27.27,27.03,27.12
226.959,11978,195,35,0,-5.7,5,9510,-0.24,0.42,87.7,87.1,88.2,88.0,27.19,27.25,27.01,27.10
230.248,12152,218,62,0,-4.0,5,9924,-0.17,0.74,87.2,86.6,87.8,87.7,27.16,27.23,26.99,27.09
233.538,12326,236,83,0,-2.1,5,10248,-0.09,1.00,86.6,86.1,87.5,87.3,27.13,27.20,26.98,27.06
236.827,12499,247,96,0,-0.0,6,10446,-0.00,1.15,86.0,85.5,87.0,86.8,27.10,27.17,26.95,27.04
240.116,12673,250,100,0,2.1,6,10500,0.09,1.20,86.6,86.1,87.5,87.3,27.13,27.20,26.98,27.06
243.405,12846,244,93,0,4.0,6,10392,0.17,1.12,87.2,86.6,87.8,87.7,27.16,27.23,26.99,27.09
246.695,13020,231,77,0,5.7,5,10158,0.24,0.92,87.7,87.1,88.2,88.0,27.19,27.25,27.01,27.10
249.984,13194,211,54,0,6.9,5,9798,0.30,0.65,88.1,87.5,88.5,88.4,27.21,27.27,27.03,27.12
253.273,13367,188,27,0,7.7,4,9384,0.33,0.32,88.3,87.6,88.7,88.5,27.21,27.28,27.04,27.12
256.563,13541,165,0,1,-0.0,3,8800,-0.00,-0.03,86.0,85.5,87.0,86.8,27.10,27.17,26.95,27.04
259.852,13714,144,0,46,-17.5,3,8380,-1.10,-1.15,93.7,92.7,92.5,92.5,27.48,27.54,27.23,27.32
263.141,13888,129,0,79,-30.3,2,8080,-1.90,-1.98,99.3,97.8,96.5,96.7,27.77,27.79,27.43,27.54
266.430,14062,121,0,96,-35.0,2,7920,-2.20,-2.40,101.4,99.8,98.0,98.2,27.87,27.89,27.50,27.61
269.720,14235,121,0,95,-30.3,2,7920,-1.90,-2.38,99.3,97.8,96.5,96.7,27.77,27.79,27.43,27.54
273.009,14409,130,0,75,-17.5,2,8100,-1.10,-1.88,93.7,92.7,92.5,92.5,27.48,27.54,27.23,27.32
276.298,14582,147,0,40,-0.0,3,8440,-0.00,-1.00,86.0,85.5,87.0,86.8,27.10,27.17,26.95,27.04
279.587,14756,168,3,0,-2.1,4,9024,-0.09,0.04,86.6,86.1,87.5,87.3,27.13,27.20,26.98,27.06
282.877,14930,192,31,0,-4.0,5,9456,-0.17,0.37,87.2,86.6,87.8,87.7,27.16,27.23,26.99,27.09
286.166,15103,215,58,0,-5.7,5,9870,-0.24,0.70,87.7,87.1,88.2,88.0,27.19,27.25,27.01,27.10
289.455,15277,233,80,0,-6.9,5,10194,-0.30,0.96,88.1,87.5,88.5,88.4,27.21,27.27,27.03,27.12
292.744,15450,246,95,0,-7.7,6,10428,-0.33,1.14,88.3,87.6,88.7,88.5,27.21,27.28,27.04,27.12
296.034,15624,250,100,0,-8.0,6,10500,-0.34,1.20,88.4,87.7,88.7,88.6,27.22,27.29,27.04,27.13
299.323,15798,246,95,0,-7.7,6,10428,-0.33,1.14,88.3,87.6,88.7,88.5,27.21,27.28,27.04,27.12
302.612,15971,233,80,0,-6.9,5,10194,-0.30,0.96,88.1,87.5,88.5,88.4,27.21,27.27,27.03,27.12
305.901,16145,215,58,0,-5.7,5,9870,-0.24,0.70,87.7,87.1,88.2,88.0,27.19,27.25,27.01,27.10
309.191,16318,192,31,0,-4.0,5,9456,-0.17,0.37,87.2,86.6,87.8,87.7,27.16,27.23,26.99,27.09
312.480,16492,168,3,0,-2.1,4,9024,-0.09,0.04,86.6,86.1,87.5,87.3,27.13,27.20,26.98,27.06
315.769,16666,147,0,40,-0.0,3,8440,-0.00,-1.00,86.0,85.5,87.0,86.8,27.10,27.17,26.95,27.04
319.059,16839,130,0,75,17.5,2,8100,1.10,-1.88,93.7,92.7,92.5,92.5,27.48,27.54,27.23,27.32
322.348,17013,121,0,95,30.3,2,7920,1.90,-2.38,99.3,97.8,96.5,96.7,27.77,27.79,27.43,27.54
325.637,17186,121,0,96,35.0,2,7920,2.20,-2.40,101.4,99.8,98.0,98.2,27.87,27.89,27.50,27.61
328.926,17360,129,0,79,30.3,2,8080,1.90,-1.98,99.3,97.8,96.5,96.7,27.77,27.79,27.43,27.54
332.216,17534,144,0,46,17.5,3,8380,1.10,-1.15,93.7,92.7,92.5,92.5,27.48,27.54,27.23,27.32
335.505,17707,165,0,1,-0.0,3,8800,-0.00,-0.03,86.0,85.5,87.0,86.8,27.10,27.17,26.95,27.04
338.794,17881,188,27,0,7.7,4,9384,0.33,0.32,88.3,87.6,88.7,88.5,27.21,27.28,27.04,27.12
342.083,18054,211,54,0,6.9,5,9798,0.30,0.65,88.1,87.5,88.5,88.4,27.21,27.27,27.03,27.12
345.373,18228,231,77,0,5.7,5,10158,0.24,0.92,87.7,87.1,88.2,88.0,27.19,27.25,27.01,27.10
348.662,18402,244,93,0,4.0,6,10392,0.17,1.12,87.2,86.6,87.8,87.7,27.16,27.23,26.99,27.09
351.951,18575,250,100,0,2.1,6,10500,0.09,1.20,86.6,86.1,87.5,87.3,27.13,27.20,26.98,27.06
355.240,18749,247,96,0,0.0,6,10446,0.00,1.15,86.0,85.5,87.0,86.8,27.10,27.17,26.95,27.04
358.530,18922,236,83,0,-2.1,5,10248,-0.09,1.00,86.6,86.1,87.5,87.3,27.13,27.20,26.98,27.06
361.819,19096,218,62,0,-4.0,5,9924,-0.17,0.74,87.2,86.6,87.8,87.7,27.16,27.23,26.99,27.09
365.108,19270,195,35,0,-5.7,5,9510,-0.24,0.42,87.7,87.1,88.2,88.0,27.19,27.25,27.01,27.10
368.397,19443,171,7,0,-6.9,4,9078,-0.30,0.08,88.1,87.5,88.5,88.4,27.21,27.27,27.03,27.12
371.687,19617,150,0,34,17.5,3,8500,1.10,-0.85,93.7,92.7,92.5,92.5,27.48,27.54,27.23,27.32
374.976,19790,132,0,71,0.0,2,8140,0.00,-1.77,86.0,85.5,87.0,86.8,27.10,27.17,26.95,27.04
378.265,19964,122,0,93,-17.5,2,7940,-1.10,-2.33,93.7,92.7,92.5,92.5,27.48,27.54,27.23,27.32
381.555,20138,120,0,97,-30.3,2,7900,-1.90,-2.42,99.3,97.8,96.5,96.7,27.77,27.79,27.43,27.54
384.844,20311,127,0,83,-35.0,2,8040,-2.20,-2.07,101.4,99.8,98.0,98.2,27.87,27.89,27.50,27.61
388.133,20485,142,0,52,-30.3,3,8340,-1.90,-1.30,99.3,97.8,96.5,96.7,27.77,27.79,27.43,27.54
391.422,20658,162,0,8,-17.5,3,8740,-1.10,-0.20,93.7,92.7,92.5,92.5,27.48,27.54,27.23,27.32
394.712,20832,185,23,0,-0.0,4,9330,-0.00,0.28,86.0,85.5,87.0,86.8,27.10,27.17,26.95,27.04
